POINT_ID,SURVEY_YEAR,Coarse,Clay,Silt,Sand,pH_H2O,pH_CaCl2,OC,CaCO3,N,P,K,CEC,Elevation,slope (Degrees),LONG,LAT,EC,MAIN_CLIMA,SURVEY_MONTH
26581768,2009,0.15217,0.27174,0.53285,0.46465,0.61145,0.58919,0.09388,0.05796,0.00482,0.14081,0.08722,0.10472,0.46936,0.00000,-8.775251839,37.13910423,0.01409,5,5
26581768,2010,0.15532,0.30275,0.60146,0.41602,0.61217,0.58340,0.09071,0.13015,0.00293,0.13119,0.07702,0.10954,0.47153,0.02843,-8.775251839,37.13910423,0.01455,5,5
26581768,2011,0.15518,0.31643,0.59753,0.45250,0.59133,0.58586,0.04947,0.10162,0.00267,0.11137,0.05720,0.10659,0.47074,0.00960,-8.775251839,37.13910423,0.01425,5,5
26581768,2012,0.15496,0.27334,0.60061,0.33395,0.59291,0.58390,0.04582,0.13298,0.00417,0.12074,0.06251,0.10872,0.47169,0.04178,-8.775251839,37.13910423,0.01423,5,5
26581768,2013,0.16836,0.28478,0.54347,0.38065,0.60348,0.58774,0.06038,0.15423,0.00443,0.04843,0.06295,0.10751,0.46963,0.04137,-8.775251839,37.13910423,0.01468,5,5
26581768,2014,0.16104,0.30613,0.59086,0.41035,0.59572,0.58823,0.06999,0.04302,0.00331,0.08206,0.05094,0.10914,0.46999,0.04432,-8.775251839,37.13910423,0.01440,5,5
26581768,2015,0.16957,0.32174,0.61606,0.30303,0.58735,0.58108,0.03865,0.03477,0.00260,0.01834,0.02351,0.11459,0.46987,0.05556,-8.775251839,37.13910423,0.01382,5,5
26581768,2016,0.15871,0.27462,0.54271,0.43298,0.60673,0.58751,0.06489,0.18903,0.00447,0.06148,0.05763,0.10831,0.47057,0.01929,-8.775251839,37.13910423,0.01395,5,5
26581768,2017,0.15684,0.28189,0.53606,0.44427,0.58844,0.58573,0.04630,0.06632,0.00417,0.13997,0.03060,0.10795,0.47184,0.05468,-8.775251839,37.13910423,0.01473,5,5
26581768,2018,0.16957,0.32174,0.61606,0.30303,0.62199,0.58108,0.04480,0.21391,0.00270,0.03886,0.04372,0.11459,0.47192,0.05556,-8.775251839,37.13910423,0.01482,5,5
26581768,2019,0.16141,0.27966,0.56019,0.31447,0.60712,0.58264,0.06248,0.14522,0.00308,0.04547,0.06008,0.10959,0.47023,0.00472,-8.775251839,37.13910423,0.01459,5,5
26581768,2020,0.15676,0.27855,0.61518,0.44270,0.59488,0.58750,0.07537,0.07208,0.00463,0.06859,0.08620,0.10691,0.47166,0.02850,-8.775251839,37.13910423,0.01431,5,5
26581768,2021,0.15247,0.30619,0.60887,0.32063,0.60640,0.58888,0.08199,0.05973,0.00320,0.02851,0.07212,0.10952,0.47147,0.01204,-8.775251839,37.13910423,0.01402,5,5
26581768,2022,0.15222,0.31561,0.58113,0.32180,0.59107,0.58695,0.08724,0.20104,0.00291,0.13634,0.07955,0.11353,0.47087,0.01132,-8.775251839,37.13910423,0.01474,5,5
26581768,2023,0.15961,0.32083,0.56202,0.32125,0.60046,0.58661,0.07016,0.05516,0.00441,0.05475,0.02913,0.11140,0.47031,0.04509,-8.775251839,37.13910423,0.01414,5,5
26581768,2024,0.16279,0.28631,0.61219,0.34692,0.61034,0.58408,0.09025,0.06117,0.00347,0.12255,0.07375,0.11224,0.47158,0.02067,-8.775251839,37.13910423,0.01421,5,5
26581768,2025,0.15630,0.31199,0.58242,0.39673,0.60774,0.58144,0.05084,0.04056,0.00401,0.11702,0.03412,0.10753,0.47137,0.04142,-8.775251839,37.13910423,0.01408,5,5
26581768,2026,0.15334,0.27695,0.59386,0.43229,0.59504,0.58117,0.09063,0.12461,0.00289,0.04335,0.03851,0.11016,0.47040,0.02327,-8.775251839,37.13910423,0.01398,5,5
26581768,2027,0.16933,0.29365,0.55501,0.32468,0.61330,0.58283,0.06195,0.12248,0.00303,0.10724,0.07177,0.10635,0.47155,0.00414,-8.775251839,37.13910423,0.01469,5,5
26581768,2028,0.15711,0.31131,0.58504,0.34495,0.61639,0.58369,0.07815,0.14732,0.00453,0.13285,0.03169,0.10644,0.47105,0.02707,-8.775251839,37.13910423,0.01458,5,5
26581768,2029,0.16379,0.28518,0.55396,0.42115,0.59538,0.58659,0.06513,0.04193,0.00446,0.08518,0.03921,0.11209,0.47139,0.04871,-8.775251839,37.13910423,0.01422,5,5
26581768,2030,0.15806,0.28109,0.58969,0.32391,0.61570,0.58459,0.09079,0.09046,0.00477,0.10277,0.05845,0.11245,0.46976,0.00026,-8.775251839,37.13910423,0.01401,5,5
26581768,2031,0.15764,0.29836,0.60349,0.40373,0.59885,0.58611,0.04075,0.11331,0.00406,0.03734,0.04424,0.10805,0.47077,0.02678,-8.775251839,37.13910423,0.01466,5,5
26581768,2032,0.15820,0.27795,0.56897,0.39854,0.60238,0.58374,0.06168,0.19545,0.00311,0.07847,0.06094,0.10741,0.47000,0.02888,-8.775251839,37.13910423,0.01396,5,5
26581768,2033,0.16809,0.31862,0.53996,0.43073,0.60618,0.58870,0.04443,0.15097,0.00373,0.05998,0.05413,0.10934,0.47155,0.01149,-8.775251839,37.13910423,0.01456,5,5
26581768,2034,0.15218,0.27419,0.56593,0.36018,0.61529,0.58163,0.06935,0.07454,0.00289,0.11297,0.08594,0.10792,0.46987,0.03771,-8.775251839,37.13910423,0.01400,5,5
26581768,2035,0.16252,0.30438,0.57179,0.34877,0.61036,0.58814,0.06216,0.12545,0.00310,0.05586,0.07440,0.10649,0.47033,0.00835,-8.775251839,37.13910423,0.01417,5,5
26581768,2036,0.15833,0.31493,0.55840,0.34182,0.59372,0.58716,0.07107,0.17722,0.00289,0.09101,0.02521,0.10986,0.47130,0.04708,-8.775251839,37.13910423,0.01440,5,5
26581768,2037,0.16449,0.32021,0.54863,0.39734,0.59407,0.58128,0.09240,0.06415,0.00350,0.09436,0.08599,0.11381,0.47153,0.04145,-8.775251839,37.13910423,0.01463,5,5
26581768,2038,0.15256,0.29853,0.61214,0.37647,0.62140,0.58630,0.07282,0.03887,0.00305,0.06107,0.06345,0.11000,0.47156,0.03010,-8.775251839,37.13910423,0.01439,5,5
26581768,2039,0.15843,0.30058,0.57114,0.39804,0.60898,0.58893,0.06362,0.15121,0.00351,0.06099,0.03184,0.10562,0.47044,0.02122,-8.775251839,37.13910423,0.01453,5,5
26581768,2040,0.16926,0.28575,0.53531,0.32359,0.59463,0.58907,0.05326,0.19964,0.00370,0.12103,0.05019,0.11331,0.46975,0.04833,-8.775251839,37.13910423,0.01400,5,5
26581768,2041,0.16679,0.27770,0.54277,0.40182,0.59307,0.58474,0.06347,0.20575,0.00395,0.02387,0.08346,0.10815,0.47186,0.02667,-8.775251839,37.13910423,0.01464,5,5
26581768,2042,0.15820,0.27519,0.55281,0.45228,0.60573,0.58843,0.08447,0.11191,0.00356,0.03229,0.04157,0.11199,0.46943,0.01214,-8.775251839,37.13910423,0.01458,5,5
26581768,2043,0.16394,0.28072,0.55675,0.40808,0.59023,0.58422,0.09135,0.15067,0.00387,0.13582,0.03845,0.11068,0.47046,0.00020,-8.775251839,37.13910423,0.01457,5,5
26581768,2044,0.16711,0.27316,0.56075,0.32366,0.59201,0.58323,0.04012,0.04084,0.00456,0.10981,0.07559,0.11454,0.47111,0.01089,-8.775251839,37.13910423,0.01424,5,5
26581768,2045,0.15732,0.30190,0.60755,0.33445,0.60831,0.58508,0.08631,0.12822,0.00435,0.07673,0.06238,0.10776,0.46970,0.03071,-8.775251839,37.13910423,0.01428,5,5
26581768,2046,0.15277,0.31193,0.53428,0.46098,0.60906,0.58256,0.04074,0.18625,0.00311,0.06666,0.04814,0.10610,0.47061,0.03085,-8.775251839,37.13910423,0.01409,5,5
26581768,2047,0.15342,0.27222,0.54037,0.34062,0.59495,0.58497,0.05114,0.12934,0.00345,0.06950,0.08167,0.11013,0.47145,0.02469,-8.775251839,37.13910423,0.01436,5,5
26581768,2048,0.16638,0.30447,0.60061,0.45656,0.62086,0.58594,0.08914,0.15211,0.00325,0.04290,0.06458,0.11328,0.46955,0.04819,-8.775251839,37.13910423,0.01384,5,5
26581768,2049,0.15853,0.27410,0.59355,0.42052,0.59082,0.58752,0.07169,0.17012,0.00416,0.08076,0.07478,0.10665,0.47103,0.00912,-8.775251839,37.13910423,0.01449,5,5
26581768,2050,0.16764,0.31963,0.58270,0.32605,0.59477,0.58293,0.06284,0.13030,0.00335,0.12358,0.03898,0.10963,0.47150,0.05036,-8.775251839,37.13910423,0.01398,5,5
26581792,2009,0.19565,0.28261,0.67883,0.25253,0.41416,0.38243,0.03027,0.00105,0.00173,0.03201,0.01087,0.02446,0.46749,0.11111,-8.833727843,37.34974664,0.01204,5,7
26581792,2010,0.19813,0.30320,0.64744,0.27014,0.39948,0.42997,0.03188,0.01489,0.00244,0.03201,0.01499,0.05997,0.47021,0.10207,-8.833727843,37.34974664,0.00862,5,7
26581792,2011,0.20616,0.29615,0.67207,0.26708,0.47466,0.42788,0.03140,0.04632,0.00267,0.03201,0.01713,0.08164,0.46760,0.10885,-8.833727843,37.34974664,0.00907,5,7
26581792,2012,0.20154,0.28376,0.64845,0.25470,0.41383,0.41054,0.03278,0.03814,0.00227,0.03201,0.01145,0.07364,0.46813,0.09558,-8.833727843,37.34974664,0.01180,5,7
26581792,2013,0.20299,0.31752,0.64708,0.26513,0.40855,0.39466,0.05203,0.03757,0.00210,0.03201,0.01620,0.03677,0.46813,0.09635,-8.833727843,37.34974664,0.01066,5,7
26581792,2014,0.19689,0.31602,0.64044,0.27205,0.46514,0.42669,0.04149,0.06607,0.00267,0.03201,0.01484,0.04493,0.46751,0.07155,-8.833727843,37.34974664,0.01167,5,7
26581792,2015,0.20652,0.32174,0.63650,0.27475,0.37199,0.37838,0.03403,0.07861,0.00202,0.03201,0.01397,0.11150,0.46767,0.05556,-8.833727843,37.34974664,0.01125,5,7
26581792,2016,0.19846,0.31001,0.64315,0.25872,0.47501,0.39839,0.03931,0.03238,0.00174,0.03201,0.01442,0.03808,0.46900,0.10767,-8.833727843,37.34974664,0.01099,5,7
26581792,2017,0.20554,0.31243,0.66743,0.25837,0.38671,0.39914,0.05075,0.05208,0.00268,0.03201,0.01350,0.05418,0.46974,0.08400,-8.833727843,37.34974664,0.00921,5,7
26581792,2018,0.20652,0.32174,0.63650,0.27475,0.47741,0.43243,0.05386,0.07861,0.00270,0.03201,0.01724,0.11150,0.47038,0.05556,-8.833727843,37.34974664,0.00836,5,7
26581792,2019,0.20070,0.30496,0.66673,0.27329,0.44019,0.40400,0.03276,0.01933,0.00244,0.03201,0.01431,0.09921,0.46990,0.06974,-8.833727843,37.34974664,0.01128,5,7
26581792,2020,0.19693,0.28757,0.63771,0.25353,0.40889,0.42647,0.03880,0.04044,0.00226,0.03201,0.01483,0.03578,0.46939,0.10701,-8.833727843,37.34974664,0.01159,5,7
26581792,2021,0.20212,0.28575,0.67293,0.25547,0.39581,0.39526,0.04752,0.04126,0.00237,0.03201,0.01367,0.04394,0.46891,0.07117,-8.833727843,37.34974664,0.01004,5,7
26581792,2022,0.19890,0.31366,0.64745,0.27123,0.44109,0.39761,0.03041,0.06487,0.00203,0.03201,0.01338,0.07135,0.46831,0.07388,-8.833727843,37.34974664,0.01016,5,7
26581792,2023,0.20184,0.31012,0.64045,0.25519,0.38089,0.39716,0.03986,0.05202,0.00238,0.03201,0.01103,0.04869,0.46886,0.08264,-8.833727843,37.34974664,0.00837,5,7
26581792,2024,0.19781,0.28583,0.65109,0.26791,0.37203,0.40122,0.05339,0.02169,0.00265,0.03201,0.01301,0.02491,0.46943,0.07992,-8.833727843,37.34974664,0.01057,5,7
26581792,2025,0.19859,0.29311,0.64603,0.26701,0.39955,0.41171,0.04104,0.06575,0.00243,0.03201,0.01325,0.07126,0.46917,0.05903,-8.833727843,37.34974664,0.01190,5,7
26581792,2026,0.19925,0.29453,0.65491,0.27409,0.41842,0.40165,0.04277,0.04166,0.00248,0.03201,0.01234,0.09949,0.46852,0.09463,-8.833727843,37.34974664,0.01073,5,7
26581792,2027,0.20157,0.29315,0.67404,0.26458,0.41528,0.38011,0.04434,0.06856,0.00257,0.03201,0.01636,0.10978,0.46823,0.07985,-8.833727843,37.34974664,0.01066,5,7
26581792,2028,0.20576,0.29996,0.67045,0.26455,0.39378,0.39553,0.03358,0.05710,0.00255,0.03201,0.01506,0.04177,0.46888,0.05709,-8.833727843,37.34974664,0.01024,5,7
26581792,2029,0.20396,0.29772,0.64383,0.26100,0.47034,0.41694,0.04062,0.07748,0.00267,0.03201,0.01477,0.05323,0.46790,0.08060,-8.833727843,37.34974664,0.00999,5,7
26581792,2030,0.20502,0.32089,0.67436,0.25701,0.46971,0.39737,0.03973,0.05533,0.00194,0.03201,0.01578,0.07649,0.46928,0.09449,-8.833727843,37.34974664,0.00959,5,7
26581792,2031,0.20414,0.30366,0.67046,0.26204,0.45818,0.39685,0.03931,0.06722,0.00264,0.03201,0.01660,0.08530,0.46950,0.09456,-8.833727843,37.34974664,0.01093,5,7
26581792,2032,0.20397,0.30998,0.65365,0.26368,0.39627,0.40034,0.03040,0.02778,0.00194,0.03201,0.01539,0.07360,0.46944,0.09038,-8.833727843,37.34974664,0.01108,5,7
26581792,2033,0.20113,0.31556,0.64546,0.26394,0.39619,0.41971,0.04554,0.07284,0.00189,0.03201,0.01162,0.11127,0.47035,0.09592,-8.833727843,37.34974664,0.00991,5,7
26581792,2034,0.20270,0.31617,0.63719,0.25857,0.39956,0.38168,0.04315,0.01547,0.00240,0.03201,0.01522,0.06011,0.46897,0.09949,-8.833727843,37.34974664,0.00847,5,7
26581792,2035,0.20403,0.30317,0.64481,0.26655,0.45545,0.38956,0.03578,0.02084,0.00205,0.03201,0.01489,0.06125,0.47006,0.09467,-8.833727843,37.34974664,0.00858,5,7
26581792,2036,0.19607,0.29736,0.65640,0.25831,0.44459,0.40665,0.04249,0.04412,0.00179,0.03201,0.01088,0.06694,0.46750,0.10464,-8.833727843,37.34974664,0.01153,5,7
26581792,2037,0.19898,0.31634,0.66646,0.27262,0.37720,0.39581,0.03336,0.07559,0.00185,0.03201,0.01627,0.08432,0.46762,0.09595,-8.833727843,37.34974664,0.00957,5,7
26581792,2038,0.19666,0.29096,0.66335,0.27107,0.42482,0.40026,0.04909,0.01645,0.00204,0.03201,0.01611,0.03151,0.46777,0.10363,-8.833727843,37.34974664,0.00846,5,7
26581792,2039,0.19936,0.29482,0.67510,0.27305,0.41544,0.39500,0.04541,0.03157,0.00217,0.03201,0.01659,0.06635,0.46989,0.09013,-8.833727843,37.34974664,0.01044,5,7
26581792,2040,0.20288,0.30067,0.64765,0.25732,0.43305,0.42874,0.04111,0.00988,0.00218,0.03201,0.01504,0.03290,0.46955,0.06901,-8.833727843,37.34974664,0.00894,5,7
26581792,2041,0.20332,0.31658,0.64291,0.27155,0.39077,0.42906,0.04897,0.06142,0.00176,0.03201,0.01254,0.09262,0.46825,0.07502,-8.833727843,37.34974664,0.01094,5,7
26581792,2042,0.20548,0.30273,0.65908,0.25368,0.46366,0.40004,0.03758,0.02269,0.00266,0.03201,0.01229,0.09031,0.46849,0.06922,-8.833727843,37.34974664,0.00958,5,7
26581792,2043,0.20619,0.30646,0.64665,0.26731,0.44964,0.41121,0.05235,0.04337,0.00249,0.03201,0.01587,0.10013,0.46917,0.08198,-8.833727843,37.34974664,0.01064,5,7
26581792,2044,0.19954,0.29015,0.64066,0.27453,0.37472,0.41139,0.05256,0.07783,0.00214,0.03201,0.01331,0.06806,0.46924,0.07690,-8.833727843,37.34974664,0.01093,5,7
26581792,2045,0.20347,0.29391,0.66085,0.25270,0.47686,0.41741,0.04978,0.01755,0.00223,0.03201,0.01415,0.07080,0.46800,0.08608,-8.833727843,37.34974664,0.00906,5,7
26581792,2046,0.19944,0.31778,0.66516,0.26783,0.42421,0.41129,0.03809,0.00769,0.00256,0.03201,0.01669,0.05580,0.46928,0.09453,-8.833727843,37.34974664,0.01187,5,7
26581792,2047,0.20044,0.29067,0.66722,0.26840,0.43902,0.40625,0.03704,0.07728,0.00258,0.03201,0.01599,0.04789,0.46940,0.10815,-8.833727843,37.34974664,0.00966,5,7
26581792,2048,0.19930,0.29305,0.65421,0.25492,0.45486,0.40727,0.04318,0.06257,0.00253,0.03201,0.01390,0.05712,0.46890,0.06749,-8.833727843,37.34974664,0.01058,5,7
26581792,2049,0.20393,0.28741,0.64599,0.26588,0.45745,0.39826,0.03623,0.07488,0.00206,0.03201,0.01171,0.04599,0.46954,0.08805,-8.833727843,37.34974664,0.01097,5,7
26581792,2050,0.20204,0.29536,0.67710,0.26371,0.40811,0.38584,0.04924,0.04779,0.00200,0.03201,0.01321,0.10760,0.46902,0.08875,-8.833727843,37.34974664,0.00852,5,7
26581954,2009,0.11957,0.36957,0.59124,0.29293,0.73343,0.66486,0.02137,0.13383,0.00116,0.01603,0.02165,0.11116,0.47524,0.04444,-9.24209186,38.768531158,0.01338,5,8
26581954,2010,0.15456,0.34636,0.60646,0.29486,0.61078,0.61635,0.02604,0.06915,0.00119,0.05332,0.04898,0.11428,0.47814,0.05291,-9.24209186,38.768531158,0.01241,5,8
26581954,2011,0.13714,0.32495,0.60459,0.29429,0.63457,0.63713,0.02322,0.08588,0.00163,0.02029,0.03725,0.11411,0.47675,0.04914,-9.24209186,38.768531158,0.01979,5,8
26581954,2012,0.12018,0.35662,0.59918,0.29465,0.65250,0.63431,0.02486,0.06149,0.00137,0.02220,0.02778,0.11162,0.47840,0.05233,-9.24209186,38.768531158,0.01789,5,8
26581954,2013,0.13475,0.36053,0.61206,0.30016,0.65239,0.62571,0.02526,0.04086,0.00126,0.03311,0.03236,0.11365,0.47794,0.04869,-9.24209186,38.768531158,0.01924,5,8
26581954,2014,0.14789,0.33768,0.60586,0.29678,0.62388,0.60975,0.02755,0.11131,0.00161,0.01874,0.03466,0.11351,0.47764,0.04864,-9.24209186,38.768531158,0.01411,5,8
26581954,2015,0.16957,0.32174,0.61606,0.30303,0.59488,0.59459,0.02804,0.04742,0.00183,0.05963,0.04942,0.11459,0.47626,0.05556,-9.24209186,38.768531158,0.02151,5,8
26581954,2016,0.14999,0.34189,0.60343,0.29515,0.70287,0.66070,0.02044,0.09665,0.00134,0.04318,0.02505,0.11237,0.47590,0.04466,-9.24209186,38.768531158,0.01873,5,8
26581954,2017,0.14224,0.32392,0.59807,0.30179,0.69657,0.59570,0.02524,0.06677,0.00169,0.02265,0.04742,0.11380,0.47551,0.04622,-9.24209186,38.768531158,0.02131,5,8
26581954,2018,0.16957,0.32174,0.61606,0.30303,0.63855,0.59459,0.02001,0.00948,0.00116,0.02719,0.04508,0.11459,0.47841,0.05556,-9.24209186,38.768531158,0.01194,5,8
26581954,2019,0.15780,0.32611,0.60832,0.29306,0.67807,0.62023,0.02047,0.06521,0.00177,0.05838,0.03427,0.11151,0.47599,0.04998,-9.24209186,38.768531158,0.01693,5,8
26581954,2020,0.12617,0.34410,0.59135,0.29849,0.64819,0.65994,0.02581,0.06891,0.00127,0.05130,0.03092,0.11459,0.47628,0.04738,-9.24209186,38.768531158,0.01360,5,8
26581954,2021,0.15768,0.33263,0.61377,0.30180,0.66435,0.64695,0.02313,0.09448,0.00171,0.05018,0.04794,0.11452,0.47678,0.04899,-9.24209186,38.768531158,0.01859,5,8
26581954,2022,0.15219,0.33260,0.59619,0.29540,0.66166,0.64502,0.02745,0.00959,0.00137,0.05536,0.02860,0.11307,0.47623,0.04515,-9.24209186,38.768531158,0.01601,5,8
26581954,2023,0.12750,0.32659,0.59729,0.29699,0.71123,0.66092,0.02751,0.11545,0.00145,0.05266,0.03744,0.11430,0.47664,0.04575,-9.24209186,38.768531158,0.01517,5,8
26581954,2024,0.12999,0.34504,0.59552,0.30259,0.71184,0.61463,0.02466,0.07760,0.00134,0.05110,0.03268,0.11438,0.47768,0.04480,-9.24209186,38.768531158,0.01423,5,8
26581954,2025,0.12630,0.32276,0.59875,0.29445,0.62903,0.64071,0.02533,0.09838,0.00165,0.03142,0.02679,0.11166,0.47690,0.04702,-9.24209186,38.768531158,0.01701,5,8
26581954,2026,0.15003,0.34932,0.60101,0.29855,0.73143,0.63052,0.02555,0.13371,0.00125,0.04156,0.04494,0.11178,0.47581,0.04454,-9.24209186,38.768531158,0.01652,5,8
26581954,2027,0.15369,0.33251,0.59248,0.29376,0.64216,0.62255,0.02305,0.13038,0.00131,0.01964,0.02702,0.11370,0.47526,0.05095,-9.24209186,38.768531158,0.01943,5,8
26581954,2028,0.14560,0.34631,0.59512,0.30022,0.60461,0.65993,0.02554,0.12682,0.00134,0.05076,0.03444,0.11154,0.47681,0.04461,-9.24209186,38.768531158,0.01305,5,8
26581954,2029,0.15060,0.33015,0.59265,0.30171,0.61587,0.62715,0.02501,0.04852,0.00169,0.01830,0.04527,0.11165,0.47782,0.04881,-9.24209186,38.768531158,0.01848,5,8
26581954,2030,0.13355,0.35471,0.61112,0.29976,0.66558,0.65606,0.02085,0.08565,0.00177,0.05944,0.03376,0.11352,0.47805,0.05079,-9.24209186,38.768531158,0.01679,5,8
26581954,2031,0.15524,0.34988,0.59525,0.29718,0.71145,0.59663,0.02540,0.07072,0.00143,0.01631,0.03605,0.11343,0.47718,0.04601,-9.24209186,38.768531158,0.01342,5,8
26581954,2032,0.15303,0.32416,0.61392,0.30058,0.64695,0.63742,0.02251,0.08940,0.00147,0.04736,0.04249,0.11338,0.47631,0.04937,-9.24209186,38.768531158,0.01611,5,8
26581954,2033,0.16180,0.32951,0.59352,0.30011,0.65752,0.63462,0.02448,0.08721,0.00140,0.05177,0.04286,0.11186,0.47580,0.04629,-9.24209186,38.768531158,0.01758,5,8
26581954,2034,0.16312,0.34143,0.59346,0.30138,0.62712,0.61413,0.02341,0.11498,0.00130,0.02046,0.02342,0.11230,0.47579,0.05073,-9.24209186,38.768531158,0.01897,5,8
26581954,2035,0.13886,0.35215,0.60739,0.29354,0.72063,0.64070,0.02337,0.07101,0.00139,0.05166,0.04661,0.11238,0.47551,0.05163,-9.24209186,38.768531158,0.01786,5,8
26581954,2036,0.12990,0.33929,0.60984,0.30087,0.66247,0.65823,0.02602,0.12573,0.00170,0.05060,0.02457,0.11241,0.47839,0.05427,-9.24209186,38.768531158,0.01624,5,8
26581954,2037,0.15935,0.34670,0.59399,0.29706,0.66247,0.60961,0.02347,0.01289,0.00139,0.03827,0.02386,0.11353,0.47600,0.04545,-9.24209186,38.768531158,0.01367,5,8
26581954,2038,0.15794,0.32198,0.60891,0.29974,0.60837,0.65304,0.02686,0.11360,0.00161,0.02579,0.02345,0.11242,0.47561,0.05378,-9.24209186,38.768531158,0.01961,5,8
26581954,2039,0.15145,0.36309,0.59947,0.29666,0.65709,0.65361,0.02539,0.11727,0.00171,0.02020,0.03927,0.11306,0.47588,0.04800,-9.24209186,38.768531158,0.01850,5,8
26581954,2040,0.14610,0.32291,0.61317,0.29907,0.62731,0.64443,0.02610,0.12716,0.00126,0.02071,0.04503,0.11174,0.47803,0.04448,-9.24209186,38.768531158,0.01654,5,8
26581954,2041,0.13728,0.35436,0.60705,0.29661,0.65228,0.63734,0.02463,0.12448,0.00121,0.05351,0.04548,0.11326,0.47723,0.04724,-9.24209186,38.768531158,0.01384,5,8
26581954,2042,0.14021,0.35379,0.60767,0.29540,0.62007,0.64512,0.02649,0.07689,0.00139,0.03082,0.03449,0.11173,0.47777,0.05018,-9.24209186,38.768531158,0.01709,5,8
26581954,2043,0.14140,0.33490,0.59520,0.30288,0.59521,0.65654,0.02227,0.08336,0.00179,0.04785,0.02837,0.11281,0.47749,0.04502,-9.24209186,38.768531158,0.01937,5,8
26581954,2044,0.14184,0.33016,0.61171,0.29625,0.60341,0.60211,0.02749,0.07069,0.00161,0.03529,0.03258,0.11240,0.47635,0.04815,-9.24209186,38.768531158,0.02110,5,8
26581954,2045,0.12379,0.32718,0.61438,0.29913,0.60939,0.64705,0.02161,0.05820,0.00141,0.02059,0.03540,0.11190,0.47756,0.05394,-9.24209186,38.768531158,0.01447,5,8
26581954,2046,0.13782,0.36025,0.60691,0.29576,0.59912,0.60346,0.02040,0.01154,0.00170,0.04601,0.04014,0.11222,0.47642,0.05252,-9.24209186,38.768531158,0.01731,5,8
26581954,2047,0.14677,0.33066,0.61339,0.29297,0.64240,0.60285,0.02752,0.11660,0.00163,0.04487,0.02584,0.11142,0.47554,0.05510,-9.24209186,38.768531158,0.01503,5,8
26581954,2048,0.16313,0.32822,0.59733,0.30250,0.73007,0.61498,0.02436,0.11017,0.00182,0.05755,0.02640,0.11236,0.47756,0.04854,-9.24209186,38.768531158,0.02048,5,8
26581954,2049,0.12294,0.35949,0.60002,0.29704,0.72251,0.65803,0.02740,0.02776,0.00127,0.05334,0.02542,0.11292,0.47617,0.04860,-9.24209186,38.768531158,0.01803,5,8
26581954,2050,0.15818,0.32964,0.59549,0.29561,0.66822,0.62229,0.02453,0.09337,0.00136,0.03384,0.04333,0.11403,0.47566,0.04747,-9.24209186,38.768531158,0.01378,5,8
26601784,2009,0.26087,0.23913,0.70803,0.25253,0.31175,0.26081,0.11987,0.04447,0.00347,0.05650,0.01478,0.04120,0.47108,0.03333,-8.792255364,37.283971934,0.00980,5,7
26601784,2010,0.17958,0.24604,0.69127,0.30271,0.30422,0.24403,0.09085,0.07308,0.00344,0.03503,0.01163,0.06212,0.47345,0.03358,-8.792255364,37.283971934,0.00731,5,7
26601784,2011,0.19565,0.27191,0.68321,0.32482,0.27896,0.24677,0.11515,0.05828,0.00316,0.04714,0.01085,0.05337,0.47144,0.04339,-8.792255364,37.283971934,0.00883,5,7
26601784,2012,0.20464,0.27847,0.67533,0.27442,0.31935,0.25852,0.11090,0.04448,0.00326,0.03969,0.01428,0.06480,0.47335,0.04269,-8.792255364,37.283971934,0.00493,5,7
26601784,2013,0.17084,0.27412,0.62617,0.32671,0.31402,0.25909,0.09696,0.03108,0.00340,0.03925,0.01260,0.05530,0.47221,0.03444,-8.792255364,37.283971934,0.00487,5,7
26601784,2014,0.23975,0.25560,0.67925,0.29768,0.32637,0.25016,0.09484,0.03858,0.00319,0.05187,0.01052,0.05801,0.47251,0.04234,-8.792255364,37.283971934,0.00617,5,7
26601784,2015,0.16087,0.28043,0.62336,0.33131,0.27560,0.24324,0.07866,0.02424,0.00299,0.03201,0.00936,0.06764,0.47127,0.04444,-8.792255364,37.283971934,0.00396,5,7
26601784,2016,0.23308,0.26970,0.63204,0.25620,0.32142,0.25156,0.09563,0.06317,0.00316,0.04999,0.01223,0.05214,0.47237,0.03533,-8.792255364,37.283971934,0.00880,5,7
26601784,2017,0.16327,0.24416,0.69048,0.32078,0.30010,0.26056,0.08396,0.05721,0.00299,0.04796,0.01053,0.06466,0.47325,0.03690,-8.792255364,37.283971934,0.00829,5,7
26601784,2018,0.16087,0.28043,0.62336,0.33131,0.33133,0.25676,0.08567,0.07734,0.00328,0.03201,0.01508,0.06764,0.47351,0.04444,-8.792255364,37.283971934,0.00415,5,7
26601784,2019,0.23305,0.27205,0.66710,0.27399,0.30598,0.25473,0.08870,0.02694,0.00316,0.05100,0.01018,0.05886,0.47125,0.04181,-8.792255364,37.283971934,0.00728,5,7
26601784,2020,0.17782,0.24162,0.64823,0.29333,0.30644,0.24853,0.09370,0.03028,0.00304,0.05361,0.01062,0.06341,0.47344,0.03846,-8.792255364,37.283971934,0.00867,5,7
26601784,2021,0.22116,0.24003,0.65575,0.27439,0.30363,0.25887,0.08378,0.07561,0.00304,0.04585,0.00955,0.04753,0.47305,0.03388,-8.792255364,37.283971934,0.00913,5,7
26601784,2022,0.17551,0.24866,0.66351,0.27053,0.28341,0.24601,0.10605,0.04771,0.00340,0.03317,0.01343,0.05433,0.47288,0.03977,-8.792255364,37.283971934,0.00520,5,7
26601784,2023,0.25085,0.27371,0.66312,0.28288,0.30659,0.26062,0.08016,0.07206,0.00334,0.04908,0.01208,0.04287,0.47327,0.03539,-8.792255364,37.283971934,0.00516,5,7
26601784,2024,0.25286,0.27637,0.63299,0.31037,0.28112,0.25090,0.08761,0.06184,0.00308,0.05555,0.01153,0.04730,0.47126,0.04149,-8.792255364,37.283971934,0.00787,5,7
26601784,2025,0.21577,0.24914,0.68460,0.28863,0.29351,0.25139,0.11095,0.05921,0.00337,0.03222,0.00996,0.05790,0.47147,0.04151,-8.792255364,37.283971934,0.00697,5,7
26601784,2026,0.22410,0.25685,0.62647,0.29921,0.27896,0.25974,0.11768,0.04290,0.00311,0.05580,0.01049,0.05127,0.47265,0.03633,-8.792255364,37.283971934,0.00529,5,7
26601784,2027,0.25693,0.27678,0.64106,0.25518,0.29176,0.25580,0.09040,0.02894,0.00346,0.05157,0.01161,0.04815,0.47198,0.03555,-8.792255364,37.283971934,0.00725,5,7
26601784,2028,0.16163,0.26461,0.67301,0.30842,0.32145,0.24684,0.11591,0.05139,0.00337,0.04427,0.01256,0.06551,0.47205,0.04025,-8.792255364,37.283971934,0.00515,5,7
26601784,2029,0.24178,0.26007,0.63865,0.27269,0.31044,0.25420,0.08783,0.03793,0.00312,0.05618,0.00973,0.06428,0.47337,0.03682,-8.792255364,37.283971934,0.00707,5,7
26601784,2030,0.25173,0.25251,0.62382,0.30198,0.29223,0.25138,0.08515,0.07728,0.00321,0.05108,0.01367,0.04868,0.47213,0.03437,-8.792255364,37.283971934,0.00620,5,7
26601784,2031,0.19330,0.27459,0.65893,0.25730,0.29959,0.25743,0.08933,0.02711,0.00322,0.04740,0.01289,0.06689,0.47112,0.04190,-8.792255364,37.283971934,0.00658,5,7
26601784,2032,0.25996,0.24947,0.68442,0.27326,0.28226,0.25923,0.08194,0.06881,0.00343,0.05371,0.01360,0.06249,0.47185,0.04355,-8.792255364,37.283971934,0.00834,5,7
26601784,2033,0.18066,0.26812,0.65190,0.32915,0.30337,0.25853,0.09375,0.07293,0.00317,0.04783,0.01074,0.06184,0.47150,0.04322,-8.792255364,37.283971934,0.00689,5,7
26601784,2034,0.16922,0.25162,0.67245,0.25969,0.31922,0.25574,0.10727,0.03794,0.00334,0.04207,0.01083,0.04653,0.47139,0.03563,-8.792255364,37.283971934,0.00685,5,7
26601784,2035,0.20141,0.24429,0.67706,0.29918,0.31895,0.25075,0.09196,0.03119,0.00342,0.05380,0.01221,0.06341,0.47224,0.04442,-8.792255364,37.283971934,0.00957,5,7
26601784,2036,0.19635,0.28037,0.64788,0.31984,0.31643,0.24351,0.09828,0.02607,0.00310,0.03940,0.01365,0.06567,0.47301,0.04133,-8.792255364,37.283971934,0.00622,5,7
26601784,2037,0.25174,0.25909,0.64209,0.28108,0.30365,0.25662,0.11177,0.06251,0.00346,0.04700,0.01172,0.04597,0.47147,0.04005,-8.792255364,37.283971934,0.00710,5,7
26601784,2038,0.25914,0.25899,0.65743,0.30294,0.30230,0.26044,0.08986,0.03986,0.00335,0.04611,0.01119,0.06757,0.47301,0.03865,-8.792255364,37.283971934,0.00904,5,7
26601784,2039,0.17049,0.26509,0.66941,0.27116,0.32222,0.25187,0.11940,0.04774,0.00334,0.04441,0.00996,0.05104,0.47249,0.03404,-8.792255364,37.283971934,0.00903,5,7
26601784,2040,0.25024,0.24749,0.64561,0.29035,0.33119,0.25289,0.08569,0.06511,0.00344,0.05031,0.01498,0.05283,0.47332,0.04420,-8.792255364,37.283971934,0.00766,5,7
26601784,2041,0.20573,0.24118,0.69801,0.27431,0.30057,0.25648,0.10885,0.05790,0.00313,0.05246,0.01118,0.04863,0.47206,0.04397,-8.792255364,37.283971934,0.00885,5,7
26601784,2042,0.18086,0.24023,0.65556,0.32780,0.32534,0.24911,0.11651,0.04625,0.00308,0.05539,0.01176,0.06255,0.47329,0.04346,-8.792255364,37.283971934,0.00521,5,7
26601784,2043,0.25745,0.26777,0.70453,0.27840,0.29759,0.25202,0.09712,0.06579,0.00329,0.04391,0.01005,0.05276,0.47262,0.03387,-8.792255364,37.283971934,0.00437,5,7
26601784,2044,0.24418,0.27297,0.68510,0.32111,0.32894,0.25601,0.08130,0.04471,0.00310,0.04421,0.01125,0.04345,0.47150,0.04294,-8.792255364,37.283971934,0.00897,5,7
26601784,2045,0.22606,0.25826,0.67935,0.30725,0.29753,0.25803,0.09150,0.03867,0.00326,0.04932,0.01375,0.05806,0.47242,0.03594,-8.792255364,37.283971934,0.00642,5,7
26601784,2046,0.22109,0.26899,0.63034,0.30897,0.29061,0.24329,0.10466,0.03409,0.00346,0.05036,0.01478,0.05505,0.47349,0.04156,-8.792255364,37.283971934,0.00808,5,7
26601784,2047,0.22692,0.25145,0.67099,0.30852,0.27844,0.24362,0.10374,0.06739,0.00327,0.04413,0.01300,0.04124,0.47285,0.04419,-8.792255364,37.283971934,0.00579,5,7
26601784,2048,0.24941,0.27038,0.65941,0.27980,0.31032,0.25775,0.08153,0.04588,0.00329,0.05190,0.01189,0.05291,0.47282,0.03662,-8.792255364,37.283971934,0.00805,5,7
26601784,2049,0.17002,0.25181,0.66468,0.31791,0.31950,0.24830,0.10607,0.04149,0.00310,0.04793,0.01131,0.04389,0.47140,0.03967,-8.792255364,37.283971934,0.00517,5,7
26601784,2050,0.23034,0.27769,0.70647,0.32682,0.28686,0.26031,0.09479,0.04738,0.00333,0.05326,0.01501,0.06608,0.47143,0.04102,-8.792255364,37.283971934,0.00728,5,7
26601978,2009,0.07609,0.23913,0.60584,0.39394,0.65060,0.61486,0.03813,0.02002,0.00173,0.05650,0.02318,0.05665,0.47122,0.03333,-9.282250124,38.982827458,0.00980,5,7
26601978,2010,0.14149,0.24372,0.60584,0.38705,0.60192,0.60112,0.03772,0.02156,0.00178,0.05646,0.01868,0.05531,0.47123,0.03822,-9.282250124,38.982827458,0.01078,5,7
26601978,2011,0.14587,0.24120,0.60584,0.38437,0.63153,0.60377,0.03748,0.02008,0.00175,0.03979,0.01729,0.05615,0.47158,0.05118,-9.282250124,38.982827458,0.01354,5,7
26601978,2012,0.10242,0.24591,0.60584,0.39150,0.59783,0.58848,0.03823,0.01271,0.00181,0.03704,0.02076,0.05591,0.47347,0.03577,-9.282250124,38.982827458,0.01072,5,7
26601978,2013,0.08802,0.24142,0.60584,0.38838,0.60505,0.59142,0.03929,0.01729,0.00177,0.04016,0.01930,0.05654,0.47273,0.05495,-9.282250124,38.982827458,0.01433,5,7
26601978,2014,0.08759,0.24921,0.60584,0.38933,0.62041,0.59123,0.03892,0.01899,0.00176,0.03628,0.02249,0.05264,0.47203,0.03466,-9.282250124,38.982827458,0.01140,5,7
26601978,2015,0.17174,0.25000,0.60584,0.38384,0.60843,0.60811,0.03967,0.02424,0.00183,0.03201,0.01643,0.05133,0.47174,0.05556,-9.282250124,38.982827458,0.01649,5,7
26601978,2016,0.09949,0.24401,0.60584,0.38673,0.63953,0.59222,0.03657,0.02017,0.00173,0.05644,0.01833,0.05566,0.47195,0.04922,-9.282250124,38.982827458,0.01063,5,7
26601978,2017,0.17095,0.24706,0.60584,0.38856,0.59974,0.61041,0.03662,0.01670,0.00179,0.04631,0.02124,0.05542,0.47189,0.04349,-9.282250124,38.982827458,0.01558,5,7
26601978,2018,0.17174,0.25000,0.60584,0.38384,0.59337,0.56757,0.03608,0.00948,0.00183,0.03201,0.01818,0.05133,0.47402,0.05556,-9.282250124,38.982827458,0.01247,5,7
26601978,2019,0.09818,0.24454,0.60584,0.38960,0.61465,0.59098,0.03930,0.01040,0.00183,0.05100,0.02206,0.05188,0.47265,0.03537,-9.282250124,38.982827458,0.01345,5,7
26601978,2020,0.07863,0.24918,0.60584,0.38587,0.64268,0.58048,0.03938,0.01182,0.00177,0.04502,0.02101,0.05362,0.47374,0.04460,-9.282250124,38.982827458,0.01338,5,7
26601978,2021,0.13788,0.24798,0.60584,0.38875,0.64000,0.59149,0.03679,0.02048,0.00179,0.04994,0.02008,0.05210,0.47168,0.04266,-9.282250124,38.982827458,0.01129,5,7
26601978,2022,0.09564,0.24752,0.60584,0.38831,0.64025,0.56765,0.03757,0.01587,0.00181,0.04190,0.02081,0.05228,0.47299,0.03557,-9.282250124,38.982827458,0.01128,5,7
26601978,2023,0.09916,0.24944,0.60584,0.38688,0.62923,0.58153,0.03952,0.01374,0.00181,0.04703,0.01851,0.05172,0.47230,0.04618,-9.282250124,38.982827458,0.01621,5,7
26601978,2024,0.11860,0.24037,0.60584,0.39312,0.59594,0.59574,0.03837,0.01405,0.00182,0.04241,0.01804,0.05557,0.47304,0.05385,-9.282250124,38.982827458,0.01172,5,7
26601978,2025,0.15525,0.24573,0.60584,0.38806,0.59480,0.57964,0.03954,0.02077,0.00182,0.04528,0.02206,0.05322,0.47160,0.04349,-9.282250124,38.982827458,0.01205,5,7
26601978,2026,0.14505,0.24830,0.60584,0.38658,0.62152,0.57124,0.03661,0.02402,0.00176,0.05243,0.01693,0.05477,0.47149,0.03798,-9.282250124,38.982827458,0.01078,5,7
26601978,2027,0.09701,0.24580,0.60584,0.39154,0.60348,0.59012,0.03661,0.01978,0.00181,0.03828,0.01786,0.05465,0.47149,0.03642,-9.282250124,38.982827458,0.01006,5,7
26601978,2028,0.16407,0.24002,0.60584,0.38650,0.60892,0.57237,0.03709,0.02061,0.00181,0.03246,0.01690,0.05238,0.47314,0.04802,-9.282250124,38.982827458,0.01383,5,7
26601978,2029,0.11289,0.24769,0.60584,0.38568,0.60102,0.60562,0.03726,0.01873,0.00181,0.05649,0.01951,0.05569,0.47148,0.04446,-9.282250124,38.982827458,0.01172,5,7
26601978,2030,0.13957,0.24713,0.60584,0.38844,0.63263,0.61248,0.03631,0.01094,0.00182,0.05519,0.01846,0.05455,0.47283,0.04305,-9.282250124,38.982827458,0.01552,5,7
26601978,2031,0.11917,0.24359,0.60584,0.39212,0.62475,0.57215,0.03752,0.02127,0.00177,0.04579,0.01649,0.05657,0.47279,0.04026,-9.282250124,38.982827458,0.01242,5,7
26601978,2032,0.07861,0.24269,0.60584,0.39180,0.64474,0.60674,0.03716,0.02377,0.00174,0.04792,0.01782,0.05184,0.47341,0.05539,-9.282250124,38.982827458,0.01091,5,7
26601978,2033,0.11028,0.24341,0.60584,0.38656,0.59843,0.59255,0.03787,0.01278,0.00175,0.03389,0.01997,0.05478,0.47323,0.03366,-9.282250124,38.982827458,0.01096,5,7
26601978,2034,0.12409,0.24667,0.60584,0.38746,0.63682,0.60159,0.03714,0.01869,0.00174,0.03891,0.02294,0.05641,0.47146,0.03849,-9.282250124,38.982827458,0.01339,5,7
26601978,2035,0.16202,0.24107,0.60584,0.39248,0.61416,0.58697,0.03723,0.01187,0.00182,0.03530,0.01661,0.05639,0.47356,0.03757,-9.282250124,38.982827458,0.01182,5,7
26601978,2036,0.11838,0.24118,0.60584,0.38832,0.61916,0.59944,0.03753,0.01628,0.00179,0.04550,0.02117,0.05354,0.47299,0.05384,-9.282250124,38.982827458,0.01151,5,7
26601978,2037,0.16486,0.24675,0.60584,0.39007,0.62120,0.57327,0.03814,0.02089,0.00180,0.03375,0.02136,0.05242,0.47345,0.04693,-9.282250124,38.982827458,0.01579,5,7
26601978,2038,0.08900,0.23996,0.60584,0.39340,0.63368,0.59003,0.03660,0.01141,0.00180,0.03248,0.01987,0.05562,0.47359,0.04762,-9.282250124,38.982827458,0.01524,5,7
26601978,2039,0.15080,0.24678,0.60584,0.38637,0.63310,0.56818,0.03661,0.01022,0.00177,0.04640,0.01816,0.05134,0.47159,0.04612,-9.282250124,38.982827458,0.01098,5,7
26601978,2040,0.10294,0.24508,0.60584,0.39111,0.62811,0.60206,0.03767,0.02363,0.00180,0.05187,0.02113,0.05300,0.47218,0.05506,-9.282250124,38.982827458,0.01043,5,7
26601978,2041,0.12653,0.24512,0.60584,0.38581,0.62268,0.60465,0.03873,0.01932,0.00182,0.04365,0.01959,0.05612,0.47391,0.03336,-9.282250124,38.982827458,0.01441,5,7
26601978,2042,0.15788,0.24023,0.60584,0.39258,0.63586,0.57935,0.03687,0.01349,0.00181,0.03727,0.02296,0.05300,0.47305,0.04336,-9.282250124,38.982827458,0.01308,5,7
26601978,2043,0.09538,0.23935,0.60584,0.39179,0.62112,0.58780,0.03684,0.01129,0.00175,0.05142,0.01778,0.05547,0.47352,0.05325,-9.282250124,38.982827458,0.01464,5,7
26601978,2044,0.15195,0.24014,0.60584,0.38681,0.59375,0.60277,0.03945,0.01896,0.00176,0.03929,0.02052,0.05587,0.47211,0.05355,-9.282250124,38.982827458,0.01625,5,7
26601978,2045,0.12440,0.24660,0.60584,0.39199,0.60286,0.57944,0.03621,0.02302,0.00175,0.04890,0.01901,0.05576,0.47331,0.03484,-9.282250124,38.982827458,0.01387,5,7
26601978,2046,0.15603,0.24159,0.60584,0.39083,0.62041,0.61211,0.03913,0.01372,0.00177,0.04647,0.01828,0.05410,0.47218,0.05548,-9.282250124,38.982827458,0.01198,5,7
26601978,2047,0.14332,0.24434,0.60584,0.39018,0.60163,0.58881,0.03613,0.01938,0.00178,0.03291,0.02009,0.05353,0.47257,0.03385,-9.282250124,38.982827458,0.01290,5,7
26601978,2048,0.09434,0.24573,0.60584,0.38984,0.59860,0.60049,0.03862,0.01870,0.00180,0.05572,0.01852,0.05384,0.47261,0.04768,-9.282250124,38.982827458,0.01291,5,7
26601978,2049,0.08427,0.24287,0.60584,0.39267,0.61712,0.59805,0.03791,0.01593,0.00178,0.04283,0.01780,0.05309,0.47267,0.04159,-9.282250124,38.982827458,0.01582,5,7
26601978,2050,0.17128,0.24110,0.60584,0.38903,0.63626,0.59060,0.03656,0.01917,0.00177,0.04952,0.01824,0.05516,0.47342,0.04820,-9.282250124,38.982827458,0.01089,5,7
,,,,,,,,,,,,,,,,,,,,